movieId,title,genres
1,The Last Signal,Action
2,Coffee and Ash,Romance|Adventure
3,Neon Harbor,Comedy|Documentary
4,Quiet Machines,Adventure
5,Sunset Protocol,Action|Adventure|Comedy
6,The Paper Kingdom,Romance|Documentary
7,Glass Horizon,Documentary
8,Echoes of Tomorrow,Documentary|Animation
9,Midnight Ledger,Horror|Sci-Fi
10,The Long Static,Drama
11,Wolf Hour,Thriller|Sci-Fi|Drama
12,Paperclip Rebellion,Thriller|Comedy
13,Salt and Circuit,Animation
14,The Ninth Floor,Thriller
15,Driftwood City,Adventure|Sci-Fi
16,Static Bloom,Horror
17,The Cartographer's Dog,Animation
18,Low Orbit Diner,Documentary
19,Winter Algorithm,Adventure|Thriller
20,The Feral Garden,Comedy|Action
21,Iron Lullaby,Sci-Fi|Comedy
22,Blue Frequency,Comedy|Animation
23,The Unfinished Map,Horror|Thriller
24,Nightshift Choir,Thriller|Adventure
25,Paper Moon Protocol,Sci-Fi|Comedy
26,The Hollow Compass,Documentary|Romance
27,Slow Static,Horror|Animation
28,Ember and Steel,Documentary|Romance
29,The Last Rehearsal,Action|Romance
30,Ghost Frequency,Thriller
